Meal,Ingredients
Vegetable Soup,Carrots, Celery, Onion, Tomatoes, Vegetable Broth, Herbs, Salt, Pepper
Cabbage Parmesan,Cabbage, Parmesan Cheese, Tomato Sauce, Garlic, Olive Oil, Herbs, Salt, Pepper
Sweet Potato Casserole,Sweet Potatoes, Maple Syrup, Pecans, Cinnamon, Nutmeg, Butter
Chow Mein,Noodles, Tofu, Mixed Vegetables, Soy Sauce, Ginger, Garlic, Sesame Oil
Mushroom Curry,Mushrooms, Coconut Milk, Curry Paste, Onion, Garlic, Ginger, Rice
Vegan Meatballs,Black Beans, Quinoa, Bread Crumbs, Tomato Sauce, Garlic, Onion, Herbs, Salt, Pepper
Cabbage Schnitzel,Cabbage, Breadcrumbs, Egg, Flour, Oil, Salt, Pepper
Tofu Stir-Fry,Tofu, Broccoli, Bell Peppers, Carrots, Soy Sauce, Ginger, Garlic, Sesame Oil
Vegan Pizza,Pizza Dough, Tomato Sauce, Vegan Cheese, Bell Peppers, Mushrooms, Olives, Oregano
Lentil Salad,Lentils, Cherry Tomatoes, Cucumber, Red Onion, Olive Oil, Lemon Juice, Herbs, Salt, Pepper
Butternut Squash Stuffed Shells,Butternut Squash, Jumbo Shells, Tofu, Tomato Sauce, Garlic, Onion, Herbs, Salt, Pepper
Creamy Broccoli Vegan Pasta,Pasta, Broccoli, Cashews, Nutritional Yeast, Garlic, Lemon Juice, Salt, Pepper
Shiitake Maki Sushi,Sushi Rice, Nori Sheets, Shiitake Mushrooms, Avocado, Cucumber, Soy Sauce, Wasabi, Pickled Ginger
Sesame Soba Noodles,Soba Noodles, Edamame, Carrots, Bell Peppers, Soy Sauce, Sesame Oil, Garlic, Ginger
Zucchini Noodles,Zucchini, Cherry Tomatoes, Pesto Sauce, Pine Nuts, Garlic, Olive Oil, Herbs, Salt, Pepper
Vegan Meatballs,Black Beans, Quinoa, Bread Crumbs, Tomato Sauce, Garlic, Onion, Herbs, Salt, Pepper
Lemony Grilled Salmon,Tofu, Lemon, Olive Oil, Garlic, Herbs, Salt, Pepper
Lobster Salad,Lobster, Mixed Greens, Cherry Tomatoes, Avocado, Lemon Vinaigrette
Perfect Broiled Salmon,Salmon, Lemon, Olive Oil, Garlic, Herbs, Salt, Pepper
Garlic Butter Baked Salmon,Salmon, Butter, Garlic, Lemon, Herbs, Salt, Pepper
Sweet Potato Chili,Ground Turkey, Sweet Potatoes, Tomatoes, Onion, Garlic, Chili Powder, Cumin, Paprika, Salt, Pepper
Perfect Paleo Pizza,Almond Flour, Eggs, Tomato Sauce, Paleo Cheese, Pepperoni, Olives, Herbs
Bruschetta Grilled Chicken,Chicken Breast, Tomatoes, Balsamic Vinegar, Garlic, Basil, Olive Oil, Salt, Pepper
Greek Chicken,Chicken Thighs, Lemon, Olive Oil, Oregano, Garlic, Cucumber, Tomatoes, Red Onion
Cheesy Bacon Ranch Chicken,Chicken Breasts, Bacon, Paleo Cheese, Ranch Seasoning, Olive Oil, Herbs, Salt, Pepper
One-Pan Tuna Pasta,Spaghetti Squash, Tuna, Tomatoes, Olives, Capers, Olive Oil, Garlic, Herbs, Salt, Pepper
Balsamic Grilled Chicken and Zucchini,Chicken Thighs, Zucchini, Balsamic Vinegar, Olive Oil, Garlic, Herbs, Salt, Pepper
Slow-Cooker Paleo Meatballs,Ground Beef, Almond Flour, Eggs, Tomato Sauce, Garlic, Onion, Herbs, Salt, Pepper
Roasted Turkey Drumsticks,Turkey Drumsticks, Olive Oil, Garlic, Herbs, Salt, Pepper
Paleo Chili,Ground Beef, Tomatoes, Bell Peppers, Onion, Garlic, Chili Powder, Cumin, Paprika, Salt, Pepper
Chicken Parmesan,Chicken Breasts, Almond Flour, Eggs, Tomato Sauce, Mozzarella Cheese, Parmesan Cheese, Herbs, Salt, Pepper
Turkey Taco Lettuce Wraps,Ground Turkey, Lettuce, Tomato, Avocado, Cheese, Sour Cream, Taco Seasoning
Nut Crusted Baked Chicken,Chicken Thighs, Almonds, Parmesan Cheese, Eggs, Herbs, Salt, Pepper
Bacon Guac Bombs,Avocado, Bacon, Cheese, Sour Cream, Salsa, Lime, Herbs, Salt, Pepper
Enchiladas,Chicken Breast, Cheese, Enchilada Sauce, Sour Cream, Cilantro, Green Onions
Tabouli Salad,Cauliflower, Cucumber, Tomatoes, Parsley, Olive Oil, Lemon Juice, Herbs, Salt, Pepper
Garlic Butter Meatballs,Ground Beef, Almond Flour, Butter, Garlic, Herbs, Salt, Pepper
California Grilled Chicken,Chicken Breast, Avocado, Bacon, Cheese, Ranch Dressing, Herbs, Salt, Pepper
Spicy Sesame Salmon,Salmon, Soy Sauce, Sesame Oil, Sriracha, Garlic, Ginger, Herbs, Salt, Pepper
Pork Chops With Apples,Pork Chops, Apples, Onion, Cinnamon, Olive Oil, Herbs, Salt, Pepper
Zucchini Ravioli,Zucchini, Ricotta Cheese, Parmesan Cheese, Eggs, Tomato Sauce, Herbs, Salt, Pepper
Eggplant Lasagna,Eggplant, Ground Beef, Tomato Sauce, Mozzarella Cheese, Parmesan Cheese, Herbs, Salt, Pepper
Cheesy Bacon Ranch Chicken,Chicken Breasts
Homemade Hummus,Chickpeas, Tahini, Garlic, Lemon Juice, Olive Oil, Salt, Pepper
Mediterranean Chicken,Chicken Thighs, Lemon, Olive Oil, Oregano, Garlic, Herbs, Salt, Pepper
Grilled Artichoke,Artichoke, Olive Oil, Lemon, Garlic, Herbs, Salt, Pepper
Roasted Tomatoes,Tomatoes, Olive Oil, Garlic, Herbs, Salt, Pepper
Burrata Salad,Burrata Cheese, Mixed Greens, Cherry Tomatoes, Balsamic Glaze, Olive Oil, Herbs, Salt, Pepper
Grilled Octopus,Octopus, Olive Oil, Lemon, Garlic, Herbs, Salt, Pepper
Avocado Pasta Salad,Pasta, Avocado, Cherry Tomatoes, Red Onion, Feta Cheese, Olive Oil, Lemon Juice, Herbs, Salt, Pepper
Chicken Sandwich,Chicken Breast, Ciabatta Bread, Pesto, Arugula, Tomato, Mozzarella Cheese, Balsamic Glaze, Herbs, Salt, Pepper
Reuben Bowls,Corned Beef, Sauerkraut, Swiss Cheese, Russian Dressing, Pickles, Herbs, Salt, Pepper
Mediterranean Beef Skewers,Beef, Bell Peppers, Red Onion, Cherry Tomatoes, Olive Oil, Lemon, Garlic, Herbs, Salt, Pepper
Stuffed Grape Leaves,Grape Leaves, Rice, Pine Nuts, Lemon, Olive Oil, Herbs, Salt, Pepper
Greek Moussaka,Eggplant, Ground Beef, Tomato Sauce, Bechamel Sauce, Feta Cheese, Olive Oil, Herbs, Salt, Pepper
Turkey Taco Lettuce Wraps,Ground Turkey, Lettuce, Tomato, Avocado, Cheese, Sour Cream, Taco Seasoning
Nut Crusted Baked Chicken,Chicken Thighs, Almonds, Parmesan Cheese, Eggs, Herbs, Salt, Pepper
Bacon Guac Bombs,Avocado, Bacon, Cheese, Sour Cream, Salsa, Lime, Herbs, Salt, Pepper
Enchiladas,Chicken Breast, Cheese, Enchilada Sauce, Sour Cream, Cilantro, Green Onions
Tabouli Salad,Cauliflower, Cucumber, Tomatoes, Parsley, Olive Oil, Lemon Juice, Herbs, Salt, Pepper
Garlic Butter Meatballs,Ground Beef, Almond Flour, Butter, Garlic, Herbs, Salt, Pepper
California Grilled Chicken,Chicken Breast, Avocado, Bacon, Cheese, Ranch Dressing, Herbs, Salt, Pepper
Spicy Sesame Salmon,Salmon, Soy Sauce, Sesame Oil, Sriracha, Garlic, Ginger, Herbs, Salt, Pepper
Pork Chops With Apples,Pork Chops, Apples, Onion, Cinnamon, Olive Oil, Herbs, Salt, Pepper
Zucchini Ravioli,Zucchini, Ricotta Cheese, Parmesan Cheese, Eggs, Tomato Sauce, Herbs, Salt, Pepper
Eggplant Lasagna,Eggplant, Ground Beef, Tomato Sauce, Mozzarella Cheese, Parmesan Cheese, Herbs, Salt, Pepper
Cheesy Bacon Ranch Chicken,Chicken Breasts
Homemade Hummus,Chickpeas, Tahini, Garlic, Lemon Juice, Olive Oil, Salt, Pepper
Mediterranean Chicken,Chicken Thighs, Lemon, Olive Oil, Oregano, Garlic, Herbs, Salt, Pepper
Grilled Artichoke,Artichoke, Olive Oil, Lemon, Garlic, Herbs, Salt, Pepper
Roasted Tomatoes,Tomatoes, Olive Oil, Garlic, Herbs, Salt, Pepper
Burrata Salad,Burrata Cheese, Mixed Greens, Cherry Tomatoes, Balsamic Glaze, Olive Oil, Herbs, Salt, Pepper
Grilled Octopus,Octopus, Olive Oil, Lemon, Garlic, Herbs, Salt, Pepper
Avocado Pasta Salad,Pasta, Avocado, Cherry Tomatoes, Red Onion, Feta Cheese, Olive Oil, Lemon Juice, Herbs, Salt, Pepper
Chicken Sandwich,Chicken Breast, Ciabatta Bread, Pesto, Arugula, Tomato, Mozzarella Cheese, Balsamic Glaze, Herbs, Salt, Pepper
Reuben Bowls,Corned Beef, Sauerkraut, Swiss Cheese, Russian Dressing, Pickles, Herbs, Salt, Pepper
Mediterranean Beef Skewers,Beef, Bell Peppers, Red Onion, Cherry Tomatoes, Olive Oil, Lemon, Garlic, Herbs, Salt, Pepper
Stuffed Grape Leaves,Grape Leaves, Rice, Pine Nuts, Lemon, Olive Oil, Herbs, Salt, Pepper

